OBJECTID,LABELTXT,SQ_MILES,GlobalID,created_user,created_date,last_edited_user,last_edited_date,MUNYCODE,MUNICIPALITY,SHAPEarea,SHAPElen
1,99,0.02632731,{824BFC18-B673-4471-9659-8B453C847E01},SDEDBO,2014-09-11T16:34:02.000Z,SDEDBO,2014-09-11T16:34:02.000Z,000,UNINCORPORATED,733960.386013013,3606.50733870257
2,99,0.01620425,{0B1AC498-C43C-4E04-8221-25ACE792AC53},SDEDBO,2014-09-11T16:34:02.000Z,SDEDBO,2014-09-11T16:34:02.000Z,000,UNINCORPORATED,451746.734368075,2979.5469834468
3,64,0.09142287,{BDE3F188-FA36-46C3-AE26-58160C9BA195},SDEDBO,2014-09-11T16:34:02.000Z,SDEDBO,2014-09-11T16:34:02.000Z,046,PASADENA PARK,2548713.15329787,7820.1735647238
4,63,0.21138557,{1873BB80-9436-48DF-933B-6B9E1CACB55F},SDEDBO,2014-09-11T16:34:02.000Z,SDEDBO,2014-09-11T16:34:02.000Z,045,PASADENA HILLS,5893067.92743546,12398.0510921492
5,99,0.00104069,{57BE923A-33B3-4191-BB1E-4712D0062174},SDEDBO,2014-09-11T16:34:02.000Z,SDEDBO,2014-09-11T16:34:02.000Z,000,UNINCORPORATED,29012.7237665927,1039.35201843314
6,56,0.67333775,{FFF62DCA-3816-4ACF-BD81-EC7D5F952ADF},SDEDBO,2014-09-11T16:34:02.000Z,SDEDBO,2014-09-11T16:34:02.000Z,040,NORTHWOODS,18771504.1253068,18590.0251196312
7,99,0.00119324,{40D7ECE2-0B53-4575-BD43-1F3DA4D63B67},SDEDBO,2014-09-11T16:34:02.000Z,SDEDBO,2014-09-11T16:34:02.000Z,000,UNINCORPORATED,33265.5008067907,1127.94938388257
8,99,0.02893888,{C9D571DB-0A20-487C-9BDD-0AF862DF03A9},SDEDBO,2014-09-11T16:34:02.000Z,SDEDBO,2014-09-11T16:34:02.000Z,000,UNINCORPORATED,806766.417642034,11550.6797695868
9,36,0.03122508,{EDCDA157-D40C-4C13-94EA-69FD271C41FB},SDEDBO,2014-09-11T16:34:02.000Z,SDEDBO,2014-09-11T16:34:02.000Z,027,GLEN ECHO PARK,870501.65891539,4583.82450461585
10,99,0.00475766,{CB7405AD-C69B-4560-B16D-76F2D790D231},SDEDBO,2014-09-11T16:34:02.000Z,SDEDBO,2014-09-11T16:34:02.000Z,000,UNINCORPORATED,132635.422213648,1685.06865729681
11,99,0.00121602,{3A4356B8-9C83-4436-8D2A-7156FC8CFBB3},SDEDBO,2014-09-11T16:34:02.000Z,SDEDBO,2014-09-11T16:34:02.000Z,000,UNINCORPORATED,33900.6795963021,1778.80711672258
12,99,0.00173643,{E1EADD9C-CA3A-4AD9-9812-7692A846433D},SDEDBO,2014-09-11T16:34:02.000Z,SDEDBO,2014-09-11T16:34:02.000Z,000,UNINCORPORATED,48408.617034548,1129.0546434177
13,99,0.12734241,{9D28F08B-6FBB-40BD-84C1-98EF5E12E344},SDEDBO,2014-09-11T16:34:02.000Z,SDEDBO,2014-09-11T16:34:02.000Z,000,UNINCORPORATED,3550088.51311375,7937.80162125678
14,99,0.00262561,{0C674F00-C133-4CA8-8F85-09A99C491104},SDEDBO,2014-09-11T16:34:02.000Z,SDEDBO,2014-09-11T16:34:02.000Z,000,UNINCORPORATED,73197.4285221332,1472.45789441641
15,75,0.27109417,{560F835B-B248-4EEF-9ABE-8A494E7133F1},SDEDBO,2014-09-11T16:34:02.000Z,SDEDBO,2014-09-11T16:34:02.000Z,055,TWIN OAKS,7557641.60223836,14652.0999608951
16,37,0.80898748,{2151DA89-FBE1-4631-8D22-3CA17410B2AE},SDEDBO,2014-09-11T16:34:02.000Z,SDEDBO,2014-09-11T16:34:02.000Z,029,GRANTWOOD VILLAGE,22553186.3209915,28059.8942856508
17,2,0.12646229,{045693D9-41C6-4A8C-809D-72D10710BB16},SDEDBO,2014-09-11T16:34:02.000Z,SDEDBO,2014-09-11T16:34:02.000Z,002,BELLA VILLA,3525552.08192014,9143.17987760244
18,48,0.2177117,{BDC50019-59AA-418B-B52B-A8272A4FF039},SDEDBO,2014-09-11T16:34:02.000Z,SDEDBO,2014-09-11T16:34:02.000Z,070,LAKESHIRE,6069429.59507861,10154.7898905414
19,38,1.30852088,{C19D16D1-D33C-4E34-9E6C-A5249F3370AD},SDEDBO,2014-09-11T16:34:02.000Z,SDEDBO,2014-09-11T16:34:02.000Z,106,GREEN PARK,36479322.6318169,27526.8078479401
20,99,0.00135399,{29C0F7F9-DE7E-40C9-9405-83036176FF85},SDEDBO,2014-09-11T16:34:02.000Z,SDEDBO,2014-09-11T16:34:02.000Z,000,UNINCORPORATED,37746.9498348747,1095.60153354883
21,99,0.0066348,{76F84101-A64A-4C4B-AEA9-49DD3336E052},SDEDBO,2014-09-11T16:34:02.000Z,SDEDBO,2014-09-11T16:34:02.000Z,000,UNINCORPORATED,184966.794176153,2872.50069803849
22,99,0.00400754,{52846352-40EB-4A0F-8510-87D5AFA25223},SDEDBO,2014-09-11T16:34:02.000Z,SDEDBO,2014-09-11T16:34:02.000Z,000,UNINCORPORATED,111723.479507473,6975.11909327729
23,99,0.00638866,{8A0DEDD4-704E-459C-81A8-681B7B40C6D8},SDEDBO,2014-09-11T16:34:02.000Z,SDEDBO,2014-09-11T16:34:02.000Z,000,UNINCORPORATED,178104.77711435,1908.33298237569
24,4,0.34104089,{F2CEA6D7-32FF-4E63-9854-77623EFF68DE},SDEDBO,2014-09-11T16:34:02.000Z,SDEDBO,2014-09-11T16:34:02.000Z,003,BELLERIVE,9507636.23386095,15196.135833875
25,99,0.00087053,{1918988B-2C99-403A-B09F-81D24294562F},SDEDBO,2014-09-11T16:34:02.000Z,SDEDBO,2014-09-11T16:34:02.000Z,000,UNINCORPORATED,24268.8307401494,1293.67913420976
26,99,0.01007022,{F77885B2-9B5A-4093-BE38-4EA455053D60},SDEDBO,2014-09-11T16:34:02.000Z,SDEDBO,2014-09-11T16:34:02.000Z,000,UNINCORPORATED,280740.578514107,2197.36302428334
27,99,0.00047754,{874DE00A-1D9C-409D-AB89-21042EA38644},SDEDBO,2014-09-11T16:34:02.000Z,SDEDBO,2014-09-11T16:34:02.000Z,000,UNINCORPORATED,13312.9825189678,699.602058363298
28,99,0.00026321,{517F0158-210B-4442-8E91-1AB8DD27D77B},SDEDBO,2014-09-11T16:34:02.000Z,SDEDBO,2014-09-11T16:34:02.000Z,000,UNINCORPORATED,7337.70945390765,1049.34927908543
29,79,0.16755216,{473B9B66-C719-4C70-927F-6BF236F6BC88},SDEDBO,2014-09-11T16:34:02.000Z,SDEDBO,2014-09-11T16:34:02.000Z,059,VELDA CITY,4675605.14605163,12562.2530061304
30,32,0.12259412,{50A83524-FB1A-47C0-943D-D2BC826D6F27},SDEDBO,2014-09-11T16:34:02.000Z,SDEDBO,2014-09-11T16:34:02.000Z,023,FLORDELL HILLS,3417714.52672203,7602.44773186648
31,99,0.15428515,{1736FC52-7803-4B5F-AE2E-72EB1C6DB8AA},SDEDBO,2014-09-11T16:34:02.000Z,SDEDBO,2014-09-11T16:34:02.000Z,000,UNINCORPORATED,4301205.96647048,12226.1890968759
32,99,0.9274297,{FD165EE9-A372-4C95-BF62-50C236CB0343},SDEDBO,2014-09-11T16:34:02.000Z,SDEDBO,2014-09-11T16:34:02.000Z,000,UNINCORPORATED,25855154.5105029,33604.688569258
33,65,0.614589,{19BC0B50-0888-4CB3-830F-6E4E3DA366BD},SDEDBO,2014-09-11T16:34:02.000Z,SDEDBO,2014-09-11T16:34:02.000Z,048,PINE LAWN,17133412.5099224,22713.2891006898
34,8,0.09532134,{3FFC440A-DB50-40A5-917B-C7672EE74992},SDEDBO,2014-09-11T16:34:02.000Z,SDEDBO,2014-09-11T16:34:02.000Z,008,BEVERLY HILLS,2657395.49761027,8228.83271533255
35,81,0.72404647,{A9D6354C-76B3-4EFA-8F71-28D757D0123B},SDEDBO,2014-09-11T16:34:02.000Z,SDEDBO,2014-09-11T16:34:02.000Z,061,VINITA PARK,20185176.3606119,20018.2612649971
36,80,0.11961283,{7988BCDB-A7F1-4904-A2DF-41D8D6B091EC},SDEDBO,2014-09-11T16:34:02.000Z,SDEDBO,2014-09-11T16:34:02.000Z,060,VELDA VILLAGE HILLS,3334600.88687738,10001.7198750181
37,77,0.06855475,{9B398725-6A65-48ED-AB6D-141A25E00AC0},SDEDBO,2014-09-11T16:34:02.000Z,SDEDBO,2014-09-11T16:34:02.000Z,056,UPLANDS PARK,1911187.95588519,5571.3286994409
38,40,0.34878777,{BF6D5B50-3134-4C4B-9D23-663F21B1747F},SDEDBO,2014-09-11T16:34:02.000Z,SDEDBO,2014-09-11T16:34:02.000Z,076,HANLEY HILLS,9723604.43571484,16302.3644098885
39,42,0.34367881,{0CC39B78-7C60-483A-92FB-177152940ABC},SDEDBO,2014-09-11T16:34:02.000Z,SDEDBO,2014-09-11T16:34:02.000Z,068,HILLSDALE,9576916.87198873,13606.7409626022
40,62,1.21159061,{124C67D1-0596-4EDF-B720-6806BEF9D97F},SDEDBO,2014-09-11T16:34:02.000Z,SDEDBO,2014-09-11T16:34:02.000Z,085,PAGEDALE,33972918.0151813,32697.0663195446
41,85,0.92742713,{9A1E27BE-824C-4679-9581-793B3E43BA5E},SDEDBO,2014-09-11T16:34:02.000Z,SDEDBO,2014-09-11T16:34:02.000Z,078,WELLSTON,25938560.7308833,29256.9036563857
42,82,0.06364946,{56DA12A5-CF10-41C9-AB62-95394B7AA5E2},SDEDBO,2014-09-11T16:34:02.000Z,SDEDBO,2014-09-11T16:34:02.000Z,062,VINITA TERRACE,1769306.14873623,7593.28243969736
43,99,0.12030614,{317F7542-8810-4F1F-B627-A44A721EEDD9},SDEDBO,2014-09-11T16:34:02.000Z,SDEDBO,2014-09-11T16:34:02.000Z,000,UNINCORPORATED,3353929.2999813,8752.28821055541
44,59,2.77122775,{6F910393-7C49-4FC0-8CA1-C39870F12F35},SDEDBO,2014-09-11T16:34:02.000Z,SDEDBO,2014-09-11T16:34:02.000Z,042,OLIVETTE,77257085.7478346,36204.7885454618
45,86,0.62589883,{80330B28-A83F-4835-A813-F0CC9EB51AD8},SDEDBO,2014-09-11T16:34:02.000Z,SDEDBO,2014-09-11T16:34:02.000Z,097,WESTWOOD,17448987.996941,17416.1980616814
46,34,2.90266239,{FCDB23DB-CD79-4D19-871A-99DCD872EB36},SDEDBO,2014-09-11T16:34:02.000Z,SDEDBO,2014-09-11T16:34:02.000Z,025,FRONTENAC,80921251.1524716,48550.090508886
47,66,2.28854519,{80D2BDB6-A1C2-480B-A1C8-F43E996ECAF0},SDEDBO,2014-09-11T16:34:02.000Z,SDEDBO,2014-09-11T16:34:02.000Z,049,RICHMOND HEIGHTS,63800722.9312453,44855.8205431903
48,11,1.9466251,{D9AA8FB0-FA2D-4617-AF5C-6E7D6F4E453B},SDEDBO,2014-09-11T16:34:02.000Z,SDEDBO,2014-09-11T16:34:02.000Z,009,BRENTWOOD,54268576.4531877,34670.5443399444
49,21,0.12232057,{2217BBCD-A7E0-4B66-89A8-2B4D1F3C3219},SDEDBO,2014-09-11T16:34:02.000Z,SDEDBO,2014-09-11T16:34:02.000Z,079,COUNTRY LIFE ACRES,3410102.13759724,7764.3443445289
50,43,0.98690032,{9793B7F2-8C6B-45C5-B66C-42BF9F37342E},SDEDBO,2014-09-11T16:34:02.000Z,SDEDBO,2014-09-11T16:34:02.000Z,030,HUNTLEIGH,27513089.7519666,24071.1215810455
51,24,0.09487193,{BCE9FB97-8D12-422E-9D99-2B827F050A62},SDEDBO,2014-09-11T16:34:02.000Z,SDEDBO,2014-09-11T16:34:02.000Z,016,CRYSTAL LAKE PARK,2644867.02155866,6635.94714696747
52,51,1.56402614,{C7673C45-32AA-4794-AC78-272142C49120},SDEDBO,2014-09-11T16:34:02.000Z,SDEDBO,2014-09-11T16:34:02.000Z,035,MAPLEWOOD,43602371.9958714,30743.44643464
53,99,0.00589622,{0AB08633-8267-45C2-8131-70CA93A78F02},SDEDBO,2014-09-11T16:34:02.000Z,SDEDBO,2014-09-11T16:34:02.000Z,000,UNINCORPORATED,164376.883915509,3435.32017711431
54,99,0.00578905,{A55304E6-1525-41AD-9C24-8F151176F1EC},SDEDBO,2014-09-11T16:34:02.000Z,SDEDBO,2014-09-11T16:34:02.000Z,000,UNINCORPORATED,161390.660355282,4429.82356565195
55,68,1.09568024,{141FA857-45B2-4C46-814C-B6FD4EC8CF7C},SDEDBO,2014-09-11T16:34:02.000Z,SDEDBO,2014-09-11T16:34:02.000Z,050,ROCK HILL,30545689.8583761,27411.8045246121
56,89,0.25038523,{3BDCE4CA-8E16-46EC-8938-32F073BCC0C1},SDEDBO,2014-09-11T16:34:02.000Z,SDEDBO,2014-09-11T16:34:02.000Z,066,WINCHESTER,6980311.61344712,12309.0803383409
57,49,0.02000011,{B3662D94-0FC0-44B4-83A9-3606C5FACDCD},SDEDBO,2014-09-11T16:34:02.000Z,SDEDBO,2014-09-11T16:34:02.000Z,034,MACKENZIE,557568.67126598,3524.27537807977
58,99,0.02690897,{B09D8DE4-D38B-45C3-8DD4-272583A935E9},SDEDBO,2014-09-11T16:34:02.000Z,SDEDBO,2014-09-11T16:34:02.000Z,000,UNINCORPORATED,750176.233102473,6140.82574084603
59,87,0.05927348,{F2D0BF2B-2CC3-4C94-828B-FF8AC79F67F1},SDEDBO,2014-09-11T16:34:02.000Z,SDEDBO,2014-09-11T16:34:02.000Z,065,WILBUR PARK,1652443.10149622,5654.10912930554
60,99,1.64609768,{0326F079-A43C-41C9-807F-8034D9B805A7},SDEDBO,2014-09-11T16:34:02.000Z,SDEDBO,2014-09-11T16:34:02.000Z,000,UNINCORPORATED,45890385.9859752,41177.236049092
61,26,4.33635907,{114FC0CC-DD29-4C66-8E44-BC442062D1DA},SDEDBO,2014-09-11T16:34:02.000Z,SDEDBO,2014-09-11T16:34:02.000Z,017,DES PERES,120890267.115377,70719.2849786026
62,39,0.18683104,{A3FB221F-9716-40AC-8A62-379F6A223967},SDEDBO,2014-09-11T16:34:02.000Z,SDEDBO,2014-09-11T16:34:02.000Z,086,GREENDALE,5210282.15045624,10099.5979205979
63,9,2.61431547,{616D7885-51B8-48DD-AB78-E6F0377D980E},SDEDBO,2014-09-11T16:34:02.000Z,SDEDBO,2014-09-11T16:34:02.000Z,103,BLACK JACK,72882640.9319425,40494.986354377
64,99,2.35408766,{FBB9324B-65CC-4402-9153-A730F355441B},SDEDBO,2014-09-11T16:34:02.000Z,SDEDBO,2014-09-11T16:34:02.000Z,000,UNINCORPORATED,65627934.8879455,49264.0033854712
65,3,4.35441159,{FAC855CF-89DE-4454-939F-FF2573245DFF},SDEDBO,2014-09-11T16:34:02.000Z,SDEDBO,2014-09-11T16:34:02.000Z,088,BELLEFONTAINE NEIGHBORS,121393540.501872,64544.0080171809
66,13,0.41551487,{EE7D182D-9639-41A2-83D4-448F0A29F3A8},SDEDBO,2014-09-11T16:34:02.000Z,SDEDBO,2014-09-11T16:34:02.000Z,012,CALVERTON PARK,11583841.8829433,19522.9272954041
67,25,1.03867972,{B9D2D712-529A-4364-A710-861B849C88D8},SDEDBO,2014-09-11T16:34:02.000Z,SDEDBO,2014-09-11T16:34:02.000Z,095,DELLWOOD,28956616.9242929,36985.2665867778
68,99,0.00232265,{1744DB62-81F0-4B20-A84B-E5C7B654FAA4},SDEDBO,2014-09-11T16:34:02.000Z,SDEDBO,2014-09-11T16:34:02.000Z,000,UNINCORPORATED,64751.6154273331,1861.16345372005
69,67,0.8303368,{AF51F18B-0F70-4DBF-9969-28DA5CFEB154},SDEDBO,2014-09-11T16:34:02.000Z,SDEDBO,2014-09-11T16:34:02.000Z,089,RIVERVIEW,23148369.0044788,30299.4544580888
70,14,0.79849851,{47A291AE-3B93-4005-BF66-836676337CF2},SDEDBO,2014-09-11T16:34:02.000Z,SDEDBO,2014-09-11T16:34:02.000Z,102,CHAMP,22260771.658474,27257.2925053603
71,19,0.45755712,{D971D4C2-C8EA-415E-ACA2-C70C82D3399E},SDEDBO,2014-09-11T16:34:02.000Z,SDEDBO,2014-09-11T16:34:02.000Z,096,COOL VALLEY,12755908.5968977,17550.2145149873
72,20,0.1866263,{87AFB478-6ECD-4F2A-9A11-0AB7E421969E},SDEDBO,2014-09-11T16:34:02.000Z,SDEDBO,2014-09-11T16:34:02.000Z,015,COUNTRY CLUB HILLS,5202821.68007799,10573.9166376571
73,99,7.57627964,{11727969-98A4-4A72-AD7B-021E87781C7B},SDEDBO,2014-09-11T16:34:02.000Z,SDEDBO,2014-09-11T16:34:02.000Z,000,UNINCORPORATED,211213712.49274,137573.9186557
74,61,0.60664742,{FA7AC7F6-2AF2-4C23-9720-53C6048D9691},SDEDBO,2014-09-11T16:34:02.000Z,SDEDBO,2014-09-11T16:34:02.000Z,044,PACIFIC,16912290.0437859,49608.0255042525
75,46,9.17943048,{2D818A27-348A-41AA-B392-98D0A7E1F77A},SDEDBO,2014-09-11T16:34:02.000Z,SDEDBO,2014-09-11T16:34:02.000Z,032,KIRKWOOD,255906816.839037,80052.378026111
76,90,0.77796253,{B9CEF22F-86F1-4BF7-8C77-948C4A445086},SDEDBO,2014-09-11T16:34:02.000Z,SDEDBO,2014-09-11T16:34:02.000Z,067,WOODSON TERRACE,21688263.7212499,22456.6192379518
77,31,6.15977656,{5AD85686-30B2-4FFC-A1A5-305104EB4EFA},SDEDBO,2014-09-11T16:34:02.000Z,SDEDBO,2014-09-11T16:34:02.000Z,022,FERGUSON,171724031.567926,95103.1441724433
78,47,8.545107,{F1DA94A8-51D6-4CE5-B818-6102E0627368},SDEDBO,2014-09-11T16:34:02.000Z,SDEDBO,2014-09-11T16:34:02.000Z,033,LADUE,238222962.009725,69855.2532303415
79,83,0.5639831,{20ADB27C-BCEE-4B55-AD2E-5B3E1F11F932},SDEDBO,2014-09-11T16:34:02.000Z,SDEDBO,2014-09-11T16:34:02.000Z,063,WARSON WOODS,15722884.940736,17595.7391087517
80,10,0.79829633,{9A9CCA16-9B93-4CDD-9DCB-23137BFCAF83},SDEDBO,2014-09-11T16:34:02.000Z,SDEDBO,2014-09-11T16:34:02.000Z,084,BRECKENRIDGE HILLS,22255137.6996503,23153.7969184263
81,54,0.5705867,{4168D11B-94F3-48EB-B05E-6C3B324F9BCD},SDEDBO,2014-09-11T16:34:02.000Z,SDEDBO,2014-09-11T16:34:02.000Z,081,MOLINE ACRES,15906982.8202336,20017.4872646954
82,55,1.84493864,{C9C2530B-37A2-4F8B-84B5-B6C5156AEFA9},SDEDBO,2014-09-11T16:34:02.000Z,SDEDBO,2014-09-11T16:34:02.000Z,039,NORMANDY,51433731.3446988,58304.9511747852
83,57,0.12322321,{F68A65FD-34F5-44AB-88CE-BE5B3315E290},SDEDBO,2014-09-11T16:34:02.000Z,SDEDBO,2014-09-11T16:34:02.000Z,077,NORWOOD COURT,3435252.31121166,11879.2711555078
84,52,0.2357018,{ED278E17-7148-44B8-B942-EC44C0F03C6D},SDEDBO,2014-09-11T16:34:02.000Z,SDEDBO,2014-09-11T16:34:02.000Z,037,MARLBOROUGH,6570964.00811751,19620.2850194211
85,84,5.90369884,{B119443E-BBEC-40D7-9022-B31E25D78307},SDEDBO,2014-09-11T16:34:02.000Z,SDEDBO,2014-09-11T16:34:02.000Z,064,WEBSTER GROVES,164585019.390938,60718.8531848225
86,5,0.62799875,{3F3CD022-ECAE-4ACA-A8D1-64350D9BD346},SDEDBO,2014-09-11T16:34:02.000Z,SDEDBO,2014-09-11T16:34:02.000Z,004,BEL-NOR,17505777.978125,18981.395056427
87,72,9.04584206,{AF116388-F3F6-45F0-8609-0F3C45142DB8},SDEDBO,2014-09-11T16:34:02.000Z,SDEDBO,2014-09-11T16:34:02.000Z,101,SUNSET HILLS,252182594.33852,74724.6804079543
88,22,3.57763326,{8BFE697A-9A2D-4191-8DE2-CFACFA40BC1D},SDEDBO,2014-09-11T16:34:02.000Z,SDEDBO,2014-09-11T16:34:02.000Z,069,CRESTWOOD,99738292.2680313,51522.425311005
89,58,0.59968812,{515F0578-F5A0-47AF-9F3C-949785871623},SDEDBO,2014-09-11T16:34:02.000Z,SDEDBO,2014-09-11T16:34:02.000Z,041,OAKLAND,16718278.3477898,17350.8708874421
90,99,0.01942226,{68F2E5A7-5803-4A82-93A3-8F1D603E4BF7},SDEDBO,2014-09-11T16:34:02.000Z,SDEDBO,2014-09-11T16:34:02.000Z,000,UNINCORPORATED,541458.918963986,19502.0326390132
91,27,0.27426663,{0DF08670-438A-4C17-83B7-E6E02E418406},SDEDBO,2014-09-11T16:34:02.000Z,SDEDBO,2014-09-11T16:34:02.000Z,073,EDMUNDSON,7646083.322685,12112.2551656285
92,35,1.30133559,{30317F50-38D6-47CA-806E-09EB93328C8F},SDEDBO,2014-09-11T16:34:02.000Z,SDEDBO,2014-09-11T16:34:02.000Z,026,GLENDALE,36279009.7042482,25802.4450732262
93,7,4.96244058,{0443542A-864E-4480-AC04-A64306AFFC41},SDEDBO,2014-09-11T16:34:02.000Z,SDEDBO,2014-09-11T16:34:02.000Z,007,BERKELEY,138295213.600933,73113.6385629345
94,45,0.73391852,{7BAD146F-1077-4789-82EF-C5F756CAC8D0},SDEDBO,2014-09-11T16:34:02.000Z,SDEDBO,2014-09-11T16:34:02.000Z,074,KINLOCH,20460391.268441,19049.7511090801
95,99,0.00048256,{99EDDD2D-E9CF-464C-97EB-9796EBD6CC30},SDEDBO,2014-09-11T16:34:02.000Z,SDEDBO,2014-09-11T16:34:02.000Z,000,UNINCORPORATED,13452.9933047842,766.320590355063
96,1,8.94001252,{8B110CF1-A36A-4C9F-AA5B-AA78BA4B9685},SDEDBO,2014-09-11T16:34:02.000Z,SDEDBO,2014-09-11T16:34:02.000Z,093,BALLWIN,249232231.481,125680.776315668
97,28,4.37323406,{60769D78-070E-4E79-BAFE-1090A08C221F},SDEDBO,2014-09-11T16:34:02.000Z,SDEDBO,2014-09-11T16:34:02.000Z,019,ELLISVILLE,121918282.768864,83809.6999398541
98,71,1.4285847,{E5E020FC-9F24-4A2B-AC8F-75D27935FD3F},SDEDBO,2014-09-11T16:34:02.000Z,SDEDBO,2014-09-11T16:34:02.000Z,051,ST. JOHN,39826496.5945877,36369.2863847778
99,73,0.13158481,{AE5DAE6F-FB70-429C-89EA-6F658385A68C},SDEDBO,2014-09-11T16:34:02.000Z,SDEDBO,2014-09-11T16:34:02.000Z,054,SYCAMORE HILLS,3668359.3604297,8340.43310710355
100,18,2.50957127,{132D61E9-9652-4E44-8318-D8ACB325A569},SDEDBO,2014-09-11T16:34:02.000Z,SDEDBO,2014-09-11T16:34:02.000Z,014,CLAYTON,69962552.6385219,45031.9877707128
101,99,0.16942913,{811688FB-33E7-4C98-BD04-F494F1C71262},SDEDBO,2014-09-11T16:34:02.000Z,SDEDBO,2014-09-11T16:34:02.000Z,000,UNINCORPORATED,4723393.52221192,9756.32577796353
102,69,1.43406078,{568FB594-A77D-464F-A883-DC4D41179542},SDEDBO,2014-09-11T16:34:02.000Z,SDEDBO,2014-09-11T16:34:02.000Z,053,SHREWSBURY,39979161.5020351,28695.0012899876
103,17,2.72882982,{E1FF6085-EF8E-4C5C-8953-9C195D4EBF3D},SDEDBO,2014-09-11T16:34:02.000Z,SDEDBO,2014-09-11T16:34:02.000Z,087,CLARKSON VALLEY,76075102.2202878,57711.3776857856
104,6,0.7732635,{E0C51DD4-DDD9-4B7F-9BB2-E37D437D0691},SDEDBO,2014-09-11T16:34:02.000Z,SDEDBO,2014-09-11T16:34:02.000Z,005,BEL-RIDGE,21557262.9271941,22279.7461795689
105,99,0.29064989,{14CAD47A-3A70-458E-B0A4-908216FB962A},SDEDBO,2014-09-11T16:34:02.000Z,SDEDBO,2014-09-11T16:34:02.000Z,000,UNINCORPORATED,8102822.4602322,14616.2174988427
106,23,10.27503344,{5F352AF9-69FA-41C4-AA3A-EA080D9D0E3B},SDEDBO,2014-09-11T16:34:02.000Z,SDEDBO,2014-09-11T16:34:02.000Z,082,CREVE COEUR,286450344.604665,117854.208503926
107,88,67.20598254,{96898F20-2EAD-4FBD-A727-89632E87D8FC},SDEDBO,2014-09-11T16:34:02.000Z,SDEDBO,2014-09-11T16:34:02.000Z,107,WILDWOOD,1873587762.71684,257382.91281335
108,74,11.54651725,{F90DB583-D47F-465A-A143-167DF3C3CDAF},SDEDBO,2014-09-11T16:34:02.000Z,SDEDBO,2014-09-11T16:34:02.000Z,083,TOWN & COUNTRY,321897126.648238,140150.381938667
109,99,0.00257117,{23189A92-61B5-4C16-910B-2B3AD421B667},SDEDBO,2014-09-11T16:34:02.000Z,SDEDBO,2014-09-11T16:34:02.000Z,000,UNINCORPORATED,71679.5723108673,3637.11358614342
110,99,7.66698069,{A21FCCAA-25E3-4B0D-8AE4-A2571844225F},SDEDBO,2014-09-11T16:34:02.000Z,SDEDBO,2014-09-11T16:34:02.000Z,000,UNINCORPORATED,213742303.266227,130536.851061313
111,15,0.26761734,{9A3BA7A6-3D9E-4D3A-8550-61D06AF5FC6D},SDEDBO,2014-09-11T16:34:02.000Z,SDEDBO,2014-09-11T16:34:02.000Z,013,CHARLACK,7460713.43668649,16305.002787257
112,60,4.39103293,{26BBCCBC-EDD9-4582-83D0-7A7A4DFC227C},SDEDBO,2014-09-11T16:34:02.000Z,SDEDBO,2014-09-11T16:34:02.000Z,043,OVERLAND,122414482.982882,56141.4230369397
113,70,3.1556465,{B23AD7D3-F826-4558-B634-2A2633CE47BA},SDEDBO,2014-09-11T16:34:02.000Z,SDEDBO,2014-09-11T16:34:02.000Z,072,ST. ANN,87907827.1294655,46202.2285581552
114,12,15.15525216,{93CF9D90-E923-4670-92CE-103B74850E3D},SDEDBO,2014-09-11T16:34:02.000Z,SDEDBO,2014-09-11T16:34:02.000Z,010,BRIDGETON,422423029.90063,120680.936932971
115,53,23.53182062,{40592928-3415-4B48-B26C-C1ABE6C15673},SDEDBO,2014-09-11T16:34:02.000Z,SDEDBO,2014-09-11T16:34:02.000Z,104,MARYLAND HEIGHTS,656172454.114484,149546.600533278
116,50,5.05194587,{2CAED1DA-9557-495D-BC86-0721D15553DE},SDEDBO,2014-09-11T16:34:02.000Z,SDEDBO,2014-09-11T16:34:02.000Z,094,MANCHESTER,140839604.717176,75772.6671171391
117,99,0.0119003,{548FBAEA-430B-40D8-9724-216C660BED95},SDEDBO,2014-09-11T16:34:02.000Z,SDEDBO,2014-09-11T16:34:02.000Z,000,UNINCORPORATED,331759.626467646,9367.33742840065
118,76,5.89802311,{FDA2430A-288D-4501-98FF-77A119B2D67D},SDEDBO,2014-09-11T16:34:02.000Z,SDEDBO,2014-09-11T16:34:02.000Z,057,UNIVERSITY CITY,164152597.89397,64487.7890422838
119,33,12.8079775,{18C5EA37-3AFC-49F9-8978-34E2D4FC40B1},SDEDBO,2014-09-11T16:34:02.000Z,SDEDBO,2014-09-11T16:34:02.000Z,024,FLORISSANT,356798826.526408,146382.572676532
120,44,3.74531144,{8C8BF74B-1216-4661-BEC0-98DC08AFE297},SDEDBO,2014-09-11T16:34:02.000Z,SDEDBO,2014-09-11T16:34:02.000Z,031,JENNINGS,104412872.579881,75413.9588952955
121,99,55.28782437,{24BE7411-4533-4A16-A148-08020321CFCC},SDEDBO,2014-09-11T16:34:02.000Z,SDEDBO,2014-09-11T16:34:02.000Z,000,UNINCORPORATED,1541329912.37914,343638.594910254
122,16,33.63169434,{C51C5B64-92D1-4FC7-AC5A-25F60A19B91D},SDEDBO,2014-09-11T16:34:02.000Z,SDEDBO,2014-09-11T16:34:02.000Z,105,CHESTERFIELD,937594076.591142,190186.901813811
123,41,16.5813235,{3E84F613-3815-4C07-8223-5BC74DD955A4},SDEDBO,2014-09-11T16:34:02.000Z,SDEDBO,2014-09-11T16:34:02.000Z,080,HAZELWOOD,464417921.320656,132456.030481319
124,99,2.14454346,{C14B17EC-A99D-4400-98CE-AC976E10A54D},SDEDBO,2014-09-11T16:34:02.000Z,SDEDBO,2014-09-11T16:34:02.000Z,000,UNINCORPORATED,57942084.9361998,44127.5978185964
125,78,4.24373456,{BFF53D02-6D0B-46EA-8F3F-3F80CCD13864},SDEDBO,2014-09-11T16:34:02.000Z,SDEDBO,2014-09-11T16:34:02.000Z,058,VALLEY PARK,118307540.701004,83953.6253447738
126,29,10.61113783,{737BCF5D-334A-483D-8C16-8488795F7768},SDEDBO,2014-09-11T16:34:02.000Z,SDEDBO,2014-09-11T16:34:02.000Z,098,EUREKA,295819972.765259,142124.964306077
127,30,6.3912654,{EB06BEAB-A8D7-4FD9-8ABA-FBA209399642},SDEDBO,2014-09-11T16:34:02.000Z,SDEDBO,2014-09-11T16:34:02.000Z,021,FENTON,178219122.919273,85297.7163016164
128,99,93.11464697,{CA2D4BE6-4970-4842-9034-0D06F8767A99},SDEDBO,2014-09-11T16:34:02.000Z,SDEDBO,2014-09-11T16:34:02.000Z,000,UNINCORPORATED,2593910295.94944,675289.285015187
